Workbook

Sheet Dashboard
B2: ARTICLE DATASET — EXECUTIVE DASHBOARD
B4: Aggregated performance metrics across the full article corpus
B6: Total Articles | D6: Total Reads | F6: Total Likes | H6: Avg Engagement % | J6: Avg Word Count
B7: =COUNTA(Articles!A2:A1000) | D7: =SUM(Articles!G2:G1000) | F7: =SUM(Articles!H2:H1000) | H7: =AVERAGE(Articles!I2:I1000) | J7: =AVERAGE(Articles!F2:F1000)
B12: PERFORMANCE BY CATEGORY | H12: STATUS BREAKDOWN
B14: Category | C14: Articles | D14: Total Reads | E14: Total Likes | F14: Avg Engagement | H14: Status | I14: Count | J14: Share
B15: Business | C15: 2 | D15: 25350 | E15: 2270 | F15: 0.0836 | H15: Published | I15: 6 | J15: 0.75
B16: Environment | C16: 2 | D16: 17500 | E16: 1510 | F16: 0.086 | H16: Review | I16: 1 | J16: 0.125
B17: Finance | C17: 1 | D17: 25100 | E17: 3050 | F17: 0.1215 | H17: Draft | I17: 1 | J17: 0.125
B18: Science | C18: 1 | D18: 12800 | E18: 1430 | F18: 0.1117
B19: Technology | C19: 2 | D19: 35370 | E19: 3412 | F19: 0.0934

Sheet Articles
A1: ID | B1: Title | C1: Author | D1: Category | E1: Date | F1: Word Count | G1: Reads | H1: Likes | I1: Engagement % | J1: Status | K1: Tags | L1: Summary
A2: 1 | B2: The Future of Artificial Intelligence in Healthcare | C2: Dr. Emily Carter | D2: Technology | E2: 2024-03-15 | F2: 2850 | G2: 14320 | H2: 1102 | I2: 0.077 | J2: Published | K2: AI, Healthcare, Machine Learning, Ethics | L2: An in-depth exploration of how AI-powered diagnostics, predictive analytics, and robotic surgery are transforming patient outcomes and hospital efficiency. The article examines real-world deployments across leading medical institutions and highlights ethical considerations surrounding algorithmic bias.
A3: 2 | B3: Sustainable Architecture: Building for the Next Century | C3: Prof. James Alderton | D3: Environment | E3: 2024-04-02 | F3: 3120 | G3: 9870 | H3: 870 | I3: 0.0881 | J3: Published | K3: Architecture, Sustainability, Green Design, Urban Planning | L3: A comprehensive review of net-zero building techniques, biophilic design principles, and circular material economies. Case studies from Copenhagen, Singapore, and Masdar City illustrate how cities are redefining the relationship between the built environment and ecological systems.
A4: 3 | B4: Quantum Computing: Breaking Through the Noise Barrier | C4: Dr. Sarah Lin | D4: Technology | E4: 2024-04-18 | F4: 4200 | G4: 21050 | H4: 2310 | I4: 0.1097 | J4: Published | K4: Quantum, Computing, Physics, Cryptography | L4: This article demystifies qubit decoherence and error-correction strategies that are bringing fault-tolerant quantum computers within reach. It covers recent milestones from IBM, Google, and IonQ, and forecasts commercial applications in cryptography, drug discovery, and logistics optimisation.
A5: 4 | B5: The Psychology of Remote Work: Productivity, Isolation, and Balance | C5: Dr. Marcus Webb | D5: Business | E5: 2024-05-05 | F5: 2650 | G5: 18400 | H5: 1780 | I5: 0.0967 | J5: Published | K5: Remote Work, Psychology, Productivity, Wellbeing | L5: Drawing on longitudinal survey data from 4,000 remote workers across 12 countries, this piece analyses the cognitive and emotional dimensions of distributed work. It presents evidence-based frameworks for managers and individuals seeking to sustain high performance while protecting mental health.
A6: 5 | B6: Ocean Carbon Capture: Science, Scale, and Controversy | C6: Dr. Priya Nair | D6: Environment | E6: 2024-05-22 | F6: 3480 | G6: 7630 | H6: 640 | I6: 0.0839 | J6: Published | K6: Climate, Ocean, Carbon Capture, Policy | L6: Explores emerging ocean-based carbon removal strategies—from iron fertilisation to alkalinity enhancement—and weighs their gigaton-scale potential against ecological risks. The article calls for international governance frameworks before large-scale commercial deployment begins.
A7: 6 | B7: Decentralised Finance: Promise, Peril, and Regulation | C7: Nina Okafor | D7: Finance | E7: 2024-06-10 | F7: 3900 | G7: 25100 | H7: 3050 | I7: 0.1215 | J7: Published | K7: DeFi, Blockchain, Finance, Regulation | L7: A rigorous examination of DeFi protocols—DEXs, lending platforms, and yield aggregators—contrasting their democratising potential with systemic risks exposed by high-profile exploits. Reviews the evolving regulatory landscape in the EU, US, and Asia-Pacific.
A8: 7 | B8: Neuroplasticity and Lifelong Learning: Rewiring the Adult Brain | C8: Prof. Daniel Rossi | D8: Science | E8: 2024-06-28 | F8: 2970 | G8: 12800 | H8: 1430 | I8: 0.1117 | J8: Review | K8: Neuroscience, Learning, Brain, Education | L8: Synthesises decades of neuroscience research to challenge the myth that adult brains are fixed. Practical implications for education, rehabilitation, and cognitive longevity are illustrated through clinical trials and first-person case narratives.
A9: 8 | B9: Supply Chain Resilience in a Multipolar World | C9: Dr. Anna Kovacs | D9: Business | E9: 2024-07-14 | F9: 3340 | G9: 6950 | H9: 490 | I9: 0.0705 | J9: Draft | K9: Supply Chain, Geopolitics, Logistics, Risk | L9: Analyses how geopolitical fragmentation, climate disruption, and pandemic aftershocks are forcing companies to rethink just-in-time logistics. Proposes a resilience index framework and benchmarks leading multinationals against it using publicly available disclosure data.
A10: TOTALS | F10: =SUM(F2:F9) | G10: =SUM(G2:G9) | H10: =SUM(H2:H9) | I10: =AVERAGE(I2:I9)

Sheet Analytics
B2: TOP ARTICLES BY ENGAGEMENT RATE
B4: Rank | C4: Title | D4: Author | E4: Reads | F4: Likes | G4: Engagement % | H4: Category
B5: 1 | C5: Decentralised Finance: Promise, Peril, and Regulation | D5: Nina Okafor | E5: 25100 | F5: 3050 | G5: 0.1215 | H5: Finance
B6: 2 | C6: Neuroplasticity and Lifelong Learning: Rewiring the Adult Brain | D6: Prof. Daniel Rossi | E6: 12800 | F6: 1430 | G6: 0.1117 | H6: Science
B7: 3 | C7: Quantum Computing: Breaking Through the Noise Barrier | D7: Dr. Sarah Lin | E7: 21050 | F7: 2310 | G7: 0.1097 | H7: Technology
B8: 4 | C8: The Psychology of Remote Work: Productivity, Isolation, and Balance | D8: Dr. Marcus Webb | E8: 18400 | F8: 1780 | G8: 0.0967 | H8: Business
B9: 5 | C9: Sustainable Architecture: Building for the Next Century | D9: Prof. James Alderton | E9: 9870 | F9: 870 | G9: 0.0881 | H9: Environment
B10: 6 | C10: Ocean Carbon Capture: Science, Scale, and Controversy | D10: Dr. Priya Nair | E10: 7630 | F10: 640 | G10: 0.0839 | H10: Environment
B11: 7 | C11: The Future of Artificial Intelligence in Healthcare | D11: Dr. Emily Carter | E11: 14320 | F11: 1102 | G11: 0.077 | H11: Technology
B12: 8 | C12: Supply Chain Resilience in a Multipolar World | D12: Dr. Anna Kovacs | E12: 6950 | F12: 490 | G12: 0.0705 | H12: Business
B15: CATEGORY AGGREGATES (FORMULA-DRIVEN)
B17: Category | C17: Count | D17: Sum Reads | E17: Sum Likes | F17: Avg Engagement %
B18: Business | C18: =COUNTIF(Articles!D:D,"Business") | D18: =SUMIF(Articles!D:D,"Business",Articles!G:G) | E18: =SUMIF(Articles!D:D,"Business",Articles!H:H) | F18: =AVERAGEIF(Articles!D:D,"Business",Articles!I:I)
B19: Environment | C19: =COUNTIF(Articles!D:D,"Environment") | D19: =SUMIF(Articles!D:D,"Environment",Articles!G:G) | E19: =SUMIF(Articles!D:D,"Environment",Articles!H:H) | F19: =AVERAGEIF(Articles!D:D,"Environment",Articles!I:I)
B20: Finance | C20: =COUNTIF(Articles!D:D,"Finance") | D20: =SUMIF(Articles!D:D,"Finance",Articles!G:G) | E20: =SUMIF(Articles!D:D,"Finance",Articles!H:H) | F20: =AVERAGEIF(Articles!D:D,"Finance",Articles!I:I)
B21: Science | C21: =COUNTIF(Articles!D:D,"Science") | D21: =SUMIF(Articles!D:D,"Science",Articles!G:G) | E21: =SUMIF(Articles!D:D,"Science",Articles!H:H) | F21: =AVERAGEIF(Articles!D:D,"Science",Articles!I:I)
B22: Technology | C22: =COUNTIF(Articles!D:D,"Technology") | D22: =SUMIF(Articles!D:D,"Technology",Articles!G:G) | E22: =SUMIF(Articles!D:D,"Technology",Articles!H:H) | F22: =AVERAGEIF(Articles!D:D,"Technology",Articles!I:I)
